id,sessionId,storedQuestionId,wasCorrect,attemptsCount,usedAt
"1","102673c4-5a32-4409-8400-099f2bada5f3","1","true","2","2025-08-20T06:43:04.694Z"
"2","102673c4-5a32-4409-8400-099f2bada5f3","2","false","2","2025-08-20T06:43:30.483Z"
"3","102673c4-5a32-4409-8400-099f2bada5f3","3","false","2","2025-08-20T06:43:57.831Z"
"4","102673c4-5a32-4409-8400-099f2bada5f3","4","true","2","2025-08-20T06:44:15.162Z"
"5","102673c4-5a32-4409-8400-099f2bada5f3","5","true","2","2025-08-20T06:44:32.755Z"
"6","102673c4-5a32-4409-8400-099f2bada5f3","6","true","2","2025-08-20T06:44:58.939Z"
"7","102673c4-5a32-4409-8400-099f2bada5f3","7","false","2","2025-08-20T06:45:18.954Z"
"8","102673c4-5a32-4409-8400-099f2bada5f3","8","true","2","2025-08-20T06:45:48.689Z"
"9","102673c4-5a32-4409-8400-099f2bada5f3","9","true","2","2025-08-20T06:46:13.018Z"
"10","102673c4-5a32-4409-8400-099f2bada5f3","10","true","2","2025-08-20T06:46:32.958Z"
"11","102673c4-5a32-4409-8400-099f2bada5f3","11","false","2","2025-08-20T06:46:52.672Z"
"12","102673c4-5a32-4409-8400-099f2bada5f3","12","true","2","2025-08-20T06:48:40.556Z"
"13","102673c4-5a32-4409-8400-099f2bada5f3","13","true","2","2025-08-20T06:49:27.836Z"
"14","102673c4-5a32-4409-8400-099f2bada5f3","14","false","2","2025-08-20T06:50:02.594Z"
"15","102673c4-5a32-4409-8400-099f2bada5f3","15","false","2","2025-08-20T06:50:45.446Z"
"16","102673c4-5a32-4409-8400-099f2bada5f3","16","true","2","2025-08-20T06:51:03.870Z"
"17","102673c4-5a32-4409-8400-099f2bada5f3","17","true","2","2025-08-20T06:51:17.353Z"
"18","102673c4-5a32-4409-8400-099f2bada5f3","18","true","2","2025-08-20T06:51:39.753Z"
"19","102673c4-5a32-4409-8400-099f2bada5f3","19","true","2","2025-08-20T06:51:54.338Z"
"20","b736d73c-94f6-400b-a31c-159b72969139","2","true","2","2025-08-20T06:55:48.488Z"
"21","b736d73c-94f6-400b-a31c-159b72969139","3","true","2","2025-08-20T06:55:53.988Z"
"22","b736d73c-94f6-400b-a31c-159b72969139","7","true","2","2025-08-20T06:56:05.120Z"
"23","b736d73c-94f6-400b-a31c-159b72969139","11","true","2","2025-08-20T06:56:19.065Z"
"24","b736d73c-94f6-400b-a31c-159b72969139","14","true","2","2025-08-20T06:57:13.159Z"
"25","b736d73c-94f6-400b-a31c-159b72969139","15","true","2","2025-08-20T06:57:20.922Z"
"26","b736d73c-94f6-400b-a31c-159b72969139","20","false","2","2025-08-20T06:58:25.368Z"
"27","b736d73c-94f6-400b-a31c-159b72969139","21","false","2","2025-08-20T06:58:45.997Z"
"28","b736d73c-94f6-400b-a31c-159b72969139","22","true","2","2025-08-20T06:59:00.774Z"
"29","b736d73c-94f6-400b-a31c-159b72969139","23","false","2","2025-08-20T06:59:11.340Z"
"30","b736d73c-94f6-400b-a31c-159b72969139","24","true","2","2025-08-20T06:59:56.022Z"
"31","b736d73c-94f6-400b-a31c-159b72969139","25","true","2","2025-08-20T07:00:24.919Z"
"32","b736d73c-94f6-400b-a31c-159b72969139","26","true","2","2025-08-20T07:00:55.116Z"
"33","b736d73c-94f6-400b-a31c-159b72969139","27","false","2","2025-08-20T07:01:16.645Z"
"34","b736d73c-94f6-400b-a31c-159b72969139","28","true","2","2025-08-20T07:01:55.418Z"
"35","b736d73c-94f6-400b-a31c-159b72969139","29","true","2","2025-08-20T07:02:07.752Z"
"36","d7b46f9b-5810-4897-b657-49307e59686a","39","true","2","2025-08-20T07:13:41.862Z"
"37","d7b46f9b-5810-4897-b657-49307e59686a","15","true","2","2025-08-20T07:13:50.432Z"
"38","d7b46f9b-5810-4897-b657-49307e59686a","20","true","2","2025-08-20T07:14:00.786Z"
"39","d7b46f9b-5810-4897-b657-49307e59686a","2","true","2","2025-08-20T07:14:04.442Z"
"40","d7b46f9b-5810-4897-b657-49307e59686a","23","true","2","2025-08-20T07:14:09.544Z"
"41","d7b46f9b-5810-4897-b657-49307e59686a","32","false","2","2025-08-20T07:14:30.699Z"
"42","d7b46f9b-5810-4897-b657-49307e59686a","34","true","2","2025-08-20T07:14:49.817Z"
"43","d7b46f9b-5810-4897-b657-49307e59686a","31","true","2","2025-08-20T07:15:03.258Z"
"44","d7b46f9b-5810-4897-b657-49307e59686a","37","false","2","2025-08-20T07:15:16.196Z"
"45","d7b46f9b-5810-4897-b657-49307e59686a","14","true","2","2025-08-20T07:15:25.584Z"
"46","d7b46f9b-5810-4897-b657-49307e59686a","36","true","2","2025-08-20T07:15:38.684Z"
"47","d7b46f9b-5810-4897-b657-49307e59686a","35","true","2","2025-08-20T07:15:47.075Z"
"48","d7b46f9b-5810-4897-b657-49307e59686a","7","true","2","2025-08-20T07:15:51.173Z"
"49","d7b46f9b-5810-4897-b657-49307e59686a","21","false","2","2025-08-20T07:16:00.507Z"
"50","d7b46f9b-5810-4897-b657-49307e59686a","38","true","2","2025-08-20T07:16:16.167Z"
"51","d7b46f9b-5810-4897-b657-49307e59686a","30","true","2","2025-08-20T07:16:27.226Z"
"52","d7b46f9b-5810-4897-b657-49307e59686a","3","true","2","2025-08-20T07:16:32.729Z"
"53","d7b46f9b-5810-4897-b657-49307e59686a","27","true","2","2025-08-20T07:16:36.963Z"
"54","d7b46f9b-5810-4897-b657-49307e59686a","11","true","2","2025-08-20T07:16:41.535Z"
"55","d7b46f9b-5810-4897-b657-49307e59686a","33","false","2","2025-08-20T07:17:07.321Z"
"56","468dbb91-e7fd-43a5-b8ad-dcb33c0ac035","51","true","2","2025-08-20T07:19:44.494Z"
"57","468dbb91-e7fd-43a5-b8ad-dcb33c0ac035","44","true","2","2025-08-20T07:20:16.335Z"
"58","468dbb91-e7fd-43a5-b8ad-dcb33c0ac035","27","true","2","2025-08-20T07:20:37.883Z"
"59","468dbb91-e7fd-43a5-b8ad-dcb33c0ac035","42","true","2","2025-08-20T07:20:51.216Z"
"60","468dbb91-e7fd-43a5-b8ad-dcb33c0ac035","20","true","2","2025-08-20T07:21:37.406Z"
"61","468dbb91-e7fd-43a5-b8ad-dcb33c0ac035","23","true","2","2025-08-20T07:21:43.243Z"
"62","468dbb91-e7fd-43a5-b8ad-dcb33c0ac035","46","false","2","2025-08-20T07:22:23.480Z"
"63","468dbb91-e7fd-43a5-b8ad-dcb33c0ac035","32","true","2","2025-08-20T07:23:17.160Z"
"64","468dbb91-e7fd-43a5-b8ad-dcb33c0ac035","48","true","2","2025-08-20T07:23:32.317Z"
"65","468dbb91-e7fd-43a5-b8ad-dcb33c0ac035","43","true","2","2025-08-20T07:23:48.665Z"
"66","468dbb91-e7fd-43a5-b8ad-dcb33c0ac035","37","true","2","2025-08-20T07:24:05.516Z"
"67","468dbb91-e7fd-43a5-b8ad-dcb33c0ac035","47","false","2","2025-08-20T07:24:22.923Z"
"68","468dbb91-e7fd-43a5-b8ad-dcb33c0ac035","49","true","2","2025-08-20T07:24:46.900Z"
"69","468dbb91-e7fd-43a5-b8ad-dcb33c0ac035","33","true","2","2025-08-20T07:24:57.000Z"
"70","468dbb91-e7fd-43a5-b8ad-dcb33c0ac035","45","false","2","2025-08-20T07:25:06.374Z"
"71","468dbb91-e7fd-43a5-b8ad-dcb33c0ac035","21","true","2","2025-08-20T07:25:35.277Z"
"72","468dbb91-e7fd-43a5-b8ad-dcb33c0ac035","50","true","2","2025-08-20T07:25:59.446Z"
"73","41bdcfd6-6069-4a80-a82e-a2be3b0253ee","57","true","2","2025-08-20T08:02:56.660Z"
"74","41bdcfd6-6069-4a80-a82e-a2be3b0253ee","57","false","2","2025-08-20T08:03:08.699Z"
"75","41bdcfd6-6069-4a80-a82e-a2be3b0253ee","59","true","2","2025-08-20T08:04:10.143Z"
"76","41bdcfd6-6069-4a80-a82e-a2be3b0253ee","60","true","2","2025-08-20T08:05:14.243Z"
"77","41bdcfd6-6069-4a80-a82e-a2be3b0253ee","21","true","2","2025-08-20T08:05:23.056Z"
"78","41bdcfd6-6069-4a80-a82e-a2be3b0253ee","54","true","2","2025-08-20T08:06:05.042Z"
"79","41bdcfd6-6069-4a80-a82e-a2be3b0253ee","45","true","2","2025-08-20T08:06:12.482Z"
"80","41bdcfd6-6069-4a80-a82e-a2be3b0253ee","61","false","2","2025-08-20T08:06:58.489Z"
"81","41bdcfd6-6069-4a80-a82e-a2be3b0253ee","37","true","2","2025-08-20T08:07:19.111Z"
"82","41bdcfd6-6069-4a80-a82e-a2be3b0253ee","32","true","2","2025-08-20T08:07:29.706Z"
"83","41bdcfd6-6069-4a80-a82e-a2be3b0253ee","58","false","2","2025-08-20T08:08:27.154Z"
"84","41bdcfd6-6069-4a80-a82e-a2be3b0253ee","55","true","2","2025-08-20T08:08:47.531Z"
"85","41bdcfd6-6069-4a80-a82e-a2be3b0253ee","47","true","2","2025-08-20T08:08:56.220Z"
"86","41bdcfd6-6069-4a80-a82e-a2be3b0253ee","33","false","2","2025-08-20T08:09:05.236Z"
"87","41bdcfd6-6069-4a80-a82e-a2be3b0253ee","56","true","2","2025-08-20T08:09:56.320Z"
"88","41bdcfd6-6069-4a80-a82e-a2be3b0253ee","62","true","2","2025-08-20T08:11:11.803Z"
"89","41bdcfd6-6069-4a80-a82e-a2be3b0253ee","46","true","2","2025-08-20T08:11:33.361Z"
"90","41bdcfd6-6069-4a80-a82e-a2be3b0253ee","63","true","2","2025-08-20T08:12:23.000Z"
"91","39af3cc4-d78c-4ad6-b1db-3e649eb8ef1f","58","true","2","2025-08-20T08:31:47.383Z"
"92","39af3cc4-d78c-4ad6-b1db-3e649eb8ef1f","67","true","2","2025-08-20T08:32:38.182Z"
"93","39af3cc4-d78c-4ad6-b1db-3e649eb8ef1f","77","true","2","2025-08-20T08:33:12.300Z"
"94","39af3cc4-d78c-4ad6-b1db-3e649eb8ef1f","71","false","2","2025-08-20T08:33:24.460Z"
"95","39af3cc4-d78c-4ad6-b1db-3e649eb8ef1f","47","true","2","2025-08-20T08:33:35.026Z"
"96","39af3cc4-d78c-4ad6-b1db-3e649eb8ef1f","80","true","2","2025-08-20T08:34:25.349Z"
"97","39af3cc4-d78c-4ad6-b1db-3e649eb8ef1f","45","true","2","2025-08-20T08:34:30.628Z"
"98","39af3cc4-d78c-4ad6-b1db-3e649eb8ef1f","75","true","2","2025-08-20T08:35:07.181Z"
"99","39af3cc4-d78c-4ad6-b1db-3e649eb8ef1f","33","true","2","2025-08-20T08:35:16.742Z"
"100","39af3cc4-d78c-4ad6-b1db-3e649eb8ef1f","72","true","2","2025-08-20T08:35:53.993Z"
"101","39af3cc4-d78c-4ad6-b1db-3e649eb8ef1f","46","true","2","2025-08-20T08:36:38.753Z"
"102","39af3cc4-d78c-4ad6-b1db-3e649eb8ef1f","81","true","2","2025-08-20T08:37:35.009Z"
"103","39af3cc4-d78c-4ad6-b1db-3e649eb8ef1f","76","true","2","2025-08-20T08:37:46.875Z"
"104","39af3cc4-d78c-4ad6-b1db-3e649eb8ef1f","69","true","2","2025-08-20T08:38:08.610Z"
"105","39af3cc4-d78c-4ad6-b1db-3e649eb8ef1f","70","true","2","2025-08-20T08:38:16.018Z"
"106","39af3cc4-d78c-4ad6-b1db-3e649eb8ef1f","68","true","2","2025-08-20T08:38:24.506Z"
"107","39af3cc4-d78c-4ad6-b1db-3e649eb8ef1f","66","false","2","2025-08-20T08:38:37.435Z"
"108","39af3cc4-d78c-4ad6-b1db-3e649eb8ef1f","78","true","2","2025-08-20T08:38:50.617Z"
"109","39af3cc4-d78c-4ad6-b1db-3e649eb8ef1f","64","true","2","2025-08-20T08:49:43.056Z"
"110","39af3cc4-d78c-4ad6-b1db-3e649eb8ef1f","79","true","2","2025-08-20T08:50:02.142Z"
"111","39af3cc4-d78c-4ad6-b1db-3e649eb8ef1f","73","true","2","2025-08-20T08:50:31.706Z"
"112","39af3cc4-d78c-4ad6-b1db-3e649eb8ef1f","61","true","2","2025-08-20T08:51:01.772Z"
"113","39af3cc4-d78c-4ad6-b1db-3e649eb8ef1f","83","true","2","2025-08-20T08:51:42.382Z"
"114","39af3cc4-d78c-4ad6-b1db-3e649eb8ef1f","82","true","2","2025-08-20T08:51:52.955Z"
"115","39af3cc4-d78c-4ad6-b1db-3e649eb8ef1f","65","false","2","2025-08-20T08:52:38.421Z"
"116","39af3cc4-d78c-4ad6-b1db-3e649eb8ef1f","74","true","2","2025-08-20T08:52:49.330Z"
"117","39af3cc4-d78c-4ad6-b1db-3e649eb8ef1f","57","true","2","2025-08-20T08:53:04.629Z"
"118","24118290-47a8-4c42-ab1f-0d94d97acfd2","29","true","2","2025-08-20T09:51:53.104Z"
"119","24118290-47a8-4c42-ab1f-0d94d97acfd2","17","true","2","2025-08-20T09:54:47.364Z"
"120","24118290-47a8-4c42-ab1f-0d94d97acfd2","31","true","2","2025-08-20T09:57:55.749Z"
"121","24118290-47a8-4c42-ab1f-0d94d97acfd2","19","true","2","2025-08-20T09:58:06.190Z"
"122","24118290-47a8-4c42-ab1f-0d94d97acfd2","86","true","2","2025-08-20T09:58:44.668Z"
"123","24118290-47a8-4c42-ab1f-0d94d97acfd2","87","true","2","2025-08-20T09:59:39.632Z"
"124","24118290-47a8-4c42-ab1f-0d94d97acfd2","89","true","2","2025-08-20T10:00:37.281Z"
"125","24118290-47a8-4c42-ab1f-0d94d97acfd2","4","true","2","2025-08-20T10:01:01.672Z"
"126","84a6d6a7-21bc-4a0a-a958-372b97cb602c","97","false","2","2025-08-20T11:16:07.136Z"
"127","84a6d6a7-21bc-4a0a-a958-372b97cb602c","105","true","2","2025-08-20T11:17:02.643Z"
"128","84a6d6a7-21bc-4a0a-a958-372b97cb602c","22","true","2","2025-08-20T11:17:22.638Z"
"129","84a6d6a7-21bc-4a0a-a958-372b97cb602c","28","true","2","2025-08-20T11:17:43.412Z"
"130","84a6d6a7-21bc-4a0a-a958-372b97cb602c","34","true","2","2025-08-20T11:19:49.485Z"
"131","84a6d6a7-21bc-4a0a-a958-372b97cb602c","51","true","2","2025-08-20T11:20:11.306Z"
"132","84a6d6a7-21bc-4a0a-a958-372b97cb602c","43","true","2","2025-08-20T11:20:25.777Z"
"133","84a6d6a7-21bc-4a0a-a958-372b97cb602c","96","false","2","2025-08-20T11:21:19.513Z"
"134","84a6d6a7-21bc-4a0a-a958-372b97cb602c","30","true","2","2025-08-20T11:23:05.346Z"
"135","84a6d6a7-21bc-4a0a-a958-372b97cb602c","13","true","2","2025-08-20T11:23:30.374Z"
"136","84a6d6a7-21bc-4a0a-a958-372b97cb602c","10","true","2","2025-08-20T11:23:44.893Z"
"137","84a6d6a7-21bc-4a0a-a958-372b97cb602c","49","true","2","2025-08-20T11:23:53.552Z"
"138","84a6d6a7-21bc-4a0a-a958-372b97cb602c","36","true","2","2025-08-20T11:24:10.271Z"
"139","84a6d6a7-21bc-4a0a-a958-372b97cb602c","18","true","2","2025-08-20T11:24:27.778Z"
"140","84a6d6a7-21bc-4a0a-a958-372b97cb602c","6","true","2","2025-08-20T11:24:42.502Z"
"141","84a6d6a7-21bc-4a0a-a958-372b97cb602c","5","true","2","2025-08-20T11:24:49.308Z"
"142","84a6d6a7-21bc-4a0a-a958-372b97cb602c","8","true","2","2025-08-20T11:25:00.863Z"
"143","84a6d6a7-21bc-4a0a-a958-372b97cb602c","24","true","2","2025-08-20T11:25:10.136Z"
"144","84a6d6a7-21bc-4a0a-a958-372b97cb602c","48","true","2","2025-08-20T11:25:18.719Z"
"145","84a6d6a7-21bc-4a0a-a958-372b97cb602c","44","true","2","2025-08-20T11:26:35.616Z"
"146","84a6d6a7-21bc-4a0a-a958-372b97cb602c","42","true","2","2025-08-20T11:26:48.433Z"
"147","84a6d6a7-21bc-4a0a-a958-372b97cb602c","100","true","2","2025-08-20T11:27:25.536Z"
"148","84a6d6a7-21bc-4a0a-a958-372b97cb602c","55","true","2","2025-08-20T11:27:30.863Z"
"149","84a6d6a7-21bc-4a0a-a958-372b97cb602c","26","true","2","2025-08-20T11:27:41.241Z"
"150","84a6d6a7-21bc-4a0a-a958-372b97cb602c","102","false","2","2025-08-20T11:29:55.379Z"
"151","84a6d6a7-21bc-4a0a-a958-372b97cb602c","38","true","2","2025-08-20T11:30:02.991Z"
"152","84a6d6a7-21bc-4a0a-a958-372b97cb602c","39","true","2","2025-08-20T11:30:10.178Z"
"153","84a6d6a7-21bc-4a0a-a958-372b97cb602c","54","true","2","2025-08-20T11:30:45.683Z"
"154","84a6d6a7-21bc-4a0a-a958-372b97cb602c","16","true","2","2025-08-20T11:30:52.292Z"
"155","84a6d6a7-21bc-4a0a-a958-372b97cb602c","50","true","2","2025-08-20T11:30:55.696Z"
"156","84a6d6a7-21bc-4a0a-a958-372b97cb602c","1","true","2","2025-08-20T11:31:04.964Z"
"157","84a6d6a7-21bc-4a0a-a958-372b97cb602c","104","true","2","2025-08-20T11:31:32.859Z"
"158","84a6d6a7-21bc-4a0a-a958-372b97cb602c","12","true","2","2025-08-20T11:31:40.963Z"
"159","84a6d6a7-21bc-4a0a-a958-372b97cb602c","99","false","2","2025-08-20T11:32:03.199Z"
"160","84a6d6a7-21bc-4a0a-a958-372b97cb602c","101","false","2","2025-08-20T11:32:50.694Z"
"161","84a6d6a7-21bc-4a0a-a958-372b97cb602c","98","true","2","2025-08-20T11:33:38.557Z"
"162","84a6d6a7-21bc-4a0a-a958-372b97cb602c","103","false","2","2025-08-20T11:34:45.014Z"
"163","84a6d6a7-21bc-4a0a-a958-372b97cb602c","9","true","2","2025-08-20T11:35:00.364Z"
"164","84a6d6a7-21bc-4a0a-a958-372b97cb602c","35","true","2","2025-08-20T11:35:06.308Z"
"165","84a6d6a7-21bc-4a0a-a958-372b97cb602c","25","true","2","2025-08-20T11:35:12.118Z"
"166","880732cc-687b-4027-a71f-414ec16fa57e","115","true","2","2025-08-20T11:43:02.333Z"
"167","880732cc-687b-4027-a71f-414ec16fa57e","87","true","2","2025-08-20T11:43:18.781Z"
"168","880732cc-687b-4027-a71f-414ec16fa57e","61","true","2","2025-08-20T11:43:28.118Z"
"169","880732cc-687b-4027-a71f-414ec16fa57e","71","true","2","2025-08-20T11:43:48.576Z"
"170","880732cc-687b-4027-a71f-414ec16fa57e","80","true","2","2025-08-20T11:44:13.130Z"
"171","880732cc-687b-4027-a71f-414ec16fa57e","67","true","2","2025-08-20T11:44:19.387Z"
"172","880732cc-687b-4027-a71f-414ec16fa57e","108","true","2","2025-08-20T11:45:04.961Z"
"173","880732cc-687b-4027-a71f-414ec16fa57e","74","true","2","2025-08-20T11:45:13.164Z"
"174","880732cc-687b-4027-a71f-414ec16fa57e","82","true","2","2025-08-20T11:45:21.452Z"
"175","880732cc-687b-4027-a71f-414ec16fa57e","73","true","2","2025-08-20T11:45:28.012Z"
"176","880732cc-687b-4027-a71f-414ec16fa57e","109","true","2","2025-08-20T11:45:48.415Z"
"177","880732cc-687b-4027-a71f-414ec16fa57e","86","true","2","2025-08-20T11:46:00.117Z"
"178","880732cc-687b-4027-a71f-414ec16fa57e","65","false","2","2025-08-20T11:46:15.142Z"
"179","880732cc-687b-4027-a71f-414ec16fa57e","62","true","2","2025-08-20T11:46:28.735Z"
"180","880732cc-687b-4027-a71f-414ec16fa57e","56","true","2","2025-08-20T11:46:45.575Z"
"181","880732cc-687b-4027-a71f-414ec16fa57e","76","true","2","2025-08-20T11:47:05.417Z"
"182","880732cc-687b-4027-a71f-414ec16fa57e","77","true","2","2025-08-20T11:47:11.775Z"
"183","880732cc-687b-4027-a71f-414ec16fa57e","83","true","2","2025-08-20T11:47:23.533Z"
"184","880732cc-687b-4027-a71f-414ec16fa57e","58","false","2","2025-08-20T11:47:34.825Z"
"185","da627baa-b7aa-4d7a-832f-6f83dbf80809","126","true","2","2025-08-20T11:51:35.708Z"
"186","da627baa-b7aa-4d7a-832f-6f83dbf80809","101","true","2","2025-08-20T11:53:05.589Z"
"187","da627baa-b7aa-4d7a-832f-6f83dbf80809","118","true","2","2025-08-20T11:55:08.754Z"
"188","da627baa-b7aa-4d7a-832f-6f83dbf80809","103","true","2","2025-08-20T11:55:35.515Z"
"189","da627baa-b7aa-4d7a-832f-6f83dbf80809","121","false","2","2025-08-20T11:56:03.622Z"
"190","da627baa-b7aa-4d7a-832f-6f83dbf80809","78","true","2","2025-08-20T11:56:19.452Z"
"191","da627baa-b7aa-4d7a-832f-6f83dbf80809","102","false","2","2025-08-20T11:56:39.718Z"
"192","da627baa-b7aa-4d7a-832f-6f83dbf80809","96","true","2","2025-08-20T11:57:36.265Z"
"193","da627baa-b7aa-4d7a-832f-6f83dbf80809","99","false","2","2025-08-20T11:58:51.094Z"
"194","da627baa-b7aa-4d7a-832f-6f83dbf80809","98","true","2","2025-08-20T11:59:25.635Z"
"195","da627baa-b7aa-4d7a-832f-6f83dbf80809","89","true","2","2025-08-20T11:59:36.753Z"
"196","da627baa-b7aa-4d7a-832f-6f83dbf80809","119","false","2","2025-08-20T12:00:32.997Z"
"197","da627baa-b7aa-4d7a-832f-6f83dbf80809","125","true","2","2025-08-20T12:02:14.683Z"
"198","da627baa-b7aa-4d7a-832f-6f83dbf80809","71","true","2","2025-08-20T12:02:20.797Z"
"199","da627baa-b7aa-4d7a-832f-6f83dbf80809","70","true","2","2025-08-20T12:02:28.715Z"
"200","da627baa-b7aa-4d7a-832f-6f83dbf80809","97","false","2","2025-08-20T12:02:43.878Z"
"201","da627baa-b7aa-4d7a-832f-6f83dbf80809","63","true","2","2025-08-20T12:02:58.095Z"
"202","da627baa-b7aa-4d7a-832f-6f83dbf80809","79","true","2","2025-08-20T12:03:12.964Z"
"203","da627baa-b7aa-4d7a-832f-6f83dbf80809","124","false","2","2025-08-20T12:03:20.283Z"
"204","da627baa-b7aa-4d7a-832f-6f83dbf80809","72","true","2","2025-08-20T12:03:53.883Z"
"205","da627baa-b7aa-4d7a-832f-6f83dbf80809","122","false","2","2025-08-20T12:05:26.215Z"
"206","da627baa-b7aa-4d7a-832f-6f83dbf80809","109","true","2","2025-08-20T12:06:46.511Z"
"207","da627baa-b7aa-4d7a-832f-6f83dbf80809","117","false","2","2025-08-20T12:07:42.519Z"
"208","da627baa-b7aa-4d7a-832f-6f83dbf80809","66","true","2","2025-08-20T12:07:54.840Z"
"209","da627baa-b7aa-4d7a-832f-6f83dbf80809","58","true","2","2025-08-20T12:08:02.694Z"
"210","da627baa-b7aa-4d7a-832f-6f83dbf80809","60","true","2","2025-08-20T12:12:20.227Z"
"211","da627baa-b7aa-4d7a-832f-6f83dbf80809","65","true","2","2025-08-20T12:12:30.494Z"
"212","da627baa-b7aa-4d7a-832f-6f83dbf80809","100","true","2","2025-08-20T12:12:39.049Z"
"213","da627baa-b7aa-4d7a-832f-6f83dbf80809","69","true","2","2025-08-20T12:13:39.526Z"
"214","da627baa-b7aa-4d7a-832f-6f83dbf80809","108","true","2","2025-08-20T12:13:49.484Z"
"215","da627baa-b7aa-4d7a-832f-6f83dbf80809","115","true","2","2025-08-20T12:14:12.939Z"
"216","da627baa-b7aa-4d7a-832f-6f83dbf80809","59","false","2","2025-08-20T12:14:26.536Z"
"217","da627baa-b7aa-4d7a-832f-6f83dbf80809","120","false","2","2025-08-20T12:14:31.977Z"
"218","da627baa-b7aa-4d7a-832f-6f83dbf80809","105","false","2","2025-08-20T12:14:34.650Z"
"219","da627baa-b7aa-4d7a-832f-6f83dbf80809","81","false","2","2025-08-20T12:14:36.760Z"
"220","da627baa-b7aa-4d7a-832f-6f83dbf80809","104","false","2","2025-08-20T12:14:38.579Z"
"221","da627baa-b7aa-4d7a-832f-6f83dbf80809","75","false","2","2025-08-20T12:14:40.408Z"
"222","da627baa-b7aa-4d7a-832f-6f83dbf80809","68","false","2","2025-08-20T12:14:42.237Z"
"223","da627baa-b7aa-4d7a-832f-6f83dbf80809","64","false","2","2025-08-20T12:14:44.848Z"
"224","da627baa-b7aa-4d7a-832f-6f83dbf80809","123","false","2","2025-08-20T12:14:48.416Z"
"225","439ce84b-b7ad-44be-bb18-4ef069db2b72","68","true","2","2025-08-20T18:34:25.846Z"
"226","439ce84b-b7ad-44be-bb18-4ef069db2b72","138","true","2","2025-08-20T18:34:48.110Z"
"227","439ce84b-b7ad-44be-bb18-4ef069db2b72","140","true","2","2025-08-20T18:35:34.791Z"
"228","439ce84b-b7ad-44be-bb18-4ef069db2b72","65","true","2","2025-08-20T18:35:44.378Z"
"229","439ce84b-b7ad-44be-bb18-4ef069db2b72","81","true","2","2025-08-20T18:36:28.651Z"
"230","439ce84b-b7ad-44be-bb18-4ef069db2b72","57","true","2","2025-08-20T18:36:37.400Z"
"231","439ce84b-b7ad-44be-bb18-4ef069db2b72","96","false","2","2025-08-20T18:36:51.243Z"
"232","439ce84b-b7ad-44be-bb18-4ef069db2b72","66","true","2","2025-08-20T18:37:05.125Z"
"233","439ce84b-b7ad-44be-bb18-4ef069db2b72","75","true","2","2025-08-20T18:37:18.279Z"
"234","439ce84b-b7ad-44be-bb18-4ef069db2b72","136","true","2","2025-08-20T18:37:34.114Z"
"235","439ce84b-b7ad-44be-bb18-4ef069db2b72","58","true","2","2025-08-20T18:37:48.711Z"
"236","439ce84b-b7ad-44be-bb18-4ef069db2b72","132","false","2","2025-08-20T18:38:22.235Z"
"237","439ce84b-b7ad-44be-bb18-4ef069db2b72","130","false","2","2025-08-20T18:38:48.452Z"
"238","439ce84b-b7ad-44be-bb18-4ef069db2b72","97","true","2","2025-08-20T18:39:02.135Z"
"239","439ce84b-b7ad-44be-bb18-4ef069db2b72","131","true","2","2025-08-20T18:39:19.400Z"
"240","439ce84b-b7ad-44be-bb18-4ef069db2b72","129","true","2","2025-08-20T18:39:27.586Z"
"241","439ce84b-b7ad-44be-bb18-4ef069db2b72","59","true","2","2025-08-20T18:39:52.176Z"
"242","439ce84b-b7ad-44be-bb18-4ef069db2b72","133","false","2","2025-08-20T18:40:02.809Z"
"243","439ce84b-b7ad-44be-bb18-4ef069db2b72","134","false","2","2025-08-20T18:40:47.550Z"
"244","439ce84b-b7ad-44be-bb18-4ef069db2b72","33","true","2","2025-08-20T18:41:03.382Z"
"245","439ce84b-b7ad-44be-bb18-4ef069db2b72","137","true","2","2025-08-20T18:41:29.023Z"
"246","439ce84b-b7ad-44be-bb18-4ef069db2b72","64","false","2","2025-08-20T18:41:43.250Z"
"247","439ce84b-b7ad-44be-bb18-4ef069db2b72","139","false","2","2025-08-20T18:41:55.027Z"
"248","439ce84b-b7ad-44be-bb18-4ef069db2b72","135","true","2","2025-08-20T18:42:32.132Z"
"249","439ce84b-b7ad-44be-bb18-4ef069db2b72","141","true","2","2025-08-20T18:42:49.795Z"
"250","2b52e51b-5578-480b-8240-87efd4f08caf","190","false","2","2025-08-20T19:02:22.446Z"
"251","2b52e51b-5578-480b-8240-87efd4f08caf","189","false","2","2025-08-20T19:02:51.052Z"
"252","2b52e51b-5578-480b-8240-87efd4f08caf","192","true","2","2025-08-20T19:03:12.836Z"
"253","2b52e51b-5578-480b-8240-87efd4f08caf","59","true","2","2025-08-20T19:03:25.382Z"
"254","2b52e51b-5578-480b-8240-87efd4f08caf","186","true","2","2025-08-20T19:03:35.329Z"
"255","2b52e51b-5578-480b-8240-87efd4f08caf","196","true","2","2025-08-20T19:03:45.913Z"
"256","2b52e51b-5578-480b-8240-87efd4f08caf","102","false","2","2025-08-20T19:03:53.843Z"
"257","2b52e51b-5578-480b-8240-87efd4f08caf","195","true","2","2025-08-20T19:04:10.234Z"
"258","2b52e51b-5578-480b-8240-87efd4f08caf","81","true","2","2025-08-20T19:04:17.942Z"
"259","2b52e51b-5578-480b-8240-87efd4f08caf","99","true","2","2025-08-20T19:04:23.474Z"
"260","2b52e51b-5578-480b-8240-87efd4f08caf","103","true","2","2025-08-20T19:04:31.118Z"
"261","2b52e51b-5578-480b-8240-87efd4f08caf","187","false","2","2025-08-20T19:04:49.725Z"
"262","2b52e51b-5578-480b-8240-87efd4f08caf","97","true","2","2025-08-20T19:05:06.997Z"
"263","2b52e51b-5578-480b-8240-87efd4f08caf","75","true","2","2025-08-20T19:05:17.375Z"
"264","2b52e51b-5578-480b-8240-87efd4f08caf","193","true","2","2025-08-20T19:05:33.911Z"
"265","2b52e51b-5578-480b-8240-87efd4f08caf","184","true","2","2025-08-20T19:05:49.989Z"
"266","2b52e51b-5578-480b-8240-87efd4f08caf","101","true","2","2025-08-20T19:06:04.490Z"
"267","2b52e51b-5578-480b-8240-87efd4f08caf","64","false","2","2025-08-20T19:06:16.677Z"
"268","2b52e51b-5578-480b-8240-87efd4f08caf","188","true","2","2025-08-20T19:06:32.204Z"
"269","2b52e51b-5578-480b-8240-87efd4f08caf","68","true","2","2025-08-20T19:06:40.563Z"
"270","2b52e51b-5578-480b-8240-87efd4f08caf","194","true","2","2025-08-20T19:06:51.412Z"
"271","2b52e51b-5578-480b-8240-87efd4f08caf","191","true","2","2025-08-20T19:06:59.341Z"
"272","2b52e51b-5578-480b-8240-87efd4f08caf","96","true","2","2025-08-20T19:07:07.680Z"
"273","2b52e51b-5578-480b-8240-87efd4f08caf","185","true","2","2025-08-20T19:07:22.043Z"
"274","2b52e51b-5578-480b-8240-87efd4f08caf","104","true","2","2025-08-20T19:07:28.115Z"
"275","e0f5ee60-5d2c-4ea0-add9-09291456aabe","120","true","2","2025-08-21T06:45:09.116Z"
"276","e0f5ee60-5d2c-4ea0-add9-09291456aabe","246","true","2","2025-08-21T06:45:19.276Z"
"277","e0f5ee60-5d2c-4ea0-add9-09291456aabe","235","true","2","2025-08-21T06:45:33.982Z"
"278","e0f5ee60-5d2c-4ea0-add9-09291456aabe","241","true","2","2025-08-21T06:45:49.531Z"
"279","e0f5ee60-5d2c-4ea0-add9-09291456aabe","237","true","2","2025-08-21T06:46:29.735Z"
"280","e0f5ee60-5d2c-4ea0-add9-09291456aabe","236","true","2","2025-08-21T06:46:43.499Z"
"281","e0f5ee60-5d2c-4ea0-add9-09291456aabe","123","true","2","2025-08-21T06:47:00.813Z"
"282","e0f5ee60-5d2c-4ea0-add9-09291456aabe","238","false","2","2025-08-21T06:47:21.016Z"
"283","bd46b786-b457-4b9d-984a-f0c25cb1c2e1","99","true","2","2025-08-21T06:52:13.839Z"
"284","bd46b786-b457-4b9d-984a-f0c25cb1c2e1","264","true","2","2025-08-21T06:52:26.215Z"
"285","bd46b786-b457-4b9d-984a-f0c25cb1c2e1","117","false","2","2025-08-21T06:52:42.719Z"
"286","bd46b786-b457-4b9d-984a-f0c25cb1c2e1","96","true","2","2025-08-21T06:52:49.373Z"
"287","bd46b786-b457-4b9d-984a-f0c25cb1c2e1","104","true","2","2025-08-21T06:52:59.741Z"
"288","bd46b786-b457-4b9d-984a-f0c25cb1c2e1","102","true","2","2025-08-21T06:53:20.489Z"
"289","bd46b786-b457-4b9d-984a-f0c25cb1c2e1","122","true","2","2025-08-21T06:53:26.959Z"
"290","bd46b786-b457-4b9d-984a-f0c25cb1c2e1","121","false","2","2025-08-21T06:53:42.352Z"
"291","bd46b786-b457-4b9d-984a-f0c25cb1c2e1","268","true","2","2025-08-21T06:54:26.320Z"
"292","bd46b786-b457-4b9d-984a-f0c25cb1c2e1","265","false","2","2025-08-21T06:55:00.922Z"
"293","bd46b786-b457-4b9d-984a-f0c25cb1c2e1","266","false","2","2025-08-21T06:55:12.583Z"
"294","bd46b786-b457-4b9d-984a-f0c25cb1c2e1","64","false","2","2025-08-21T06:55:30.866Z"
"295","bd46b786-b457-4b9d-984a-f0c25cb1c2e1","259","false","2","2025-08-21T06:55:44.440Z"
"296","bd46b786-b457-4b9d-984a-f0c25cb1c2e1","271","true","2","2025-08-21T06:56:03.787Z"
"297","bd46b786-b457-4b9d-984a-f0c25cb1c2e1","270","true","2","2025-08-21T06:56:14.577Z"
"298","bd46b786-b457-4b9d-984a-f0c25cb1c2e1","123","false","2","2025-08-21T06:56:22.202Z"
"299","bd46b786-b457-4b9d-984a-f0c25cb1c2e1","105","true","2","2025-08-21T06:56:38.865Z"
"300","bd46b786-b457-4b9d-984a-f0c25cb1c2e1","120","true","2","2025-08-21T06:56:43.369Z"
"301","bd46b786-b457-4b9d-984a-f0c25cb1c2e1","269","true","2","2025-08-21T06:56:53.457Z"
"302","bd46b786-b457-4b9d-984a-f0c25cb1c2e1","263","true","2","2025-08-21T06:57:22.954Z"
"303","bd46b786-b457-4b9d-984a-f0c25cb1c2e1","267","true","2","2025-08-21T06:57:30.923Z"
"304","bd46b786-b457-4b9d-984a-f0c25cb1c2e1","119","false","2","2025-08-21T06:57:49.979Z"
"305","bd46b786-b457-4b9d-984a-f0c25cb1c2e1","260","true","2","2025-08-21T06:58:06.242Z"
"306","bd46b786-b457-4b9d-984a-f0c25cb1c2e1","262","true","2","2025-08-21T06:58:11.953Z"
"307","bd46b786-b457-4b9d-984a-f0c25cb1c2e1","261","false","2","2025-08-21T06:58:27.128Z"
"308","f5a22855-a603-4cd8-910e-4fb696edfb13","123","true","2","2025-08-21T07:00:38.597Z"
"309","f5a22855-a603-4cd8-910e-4fb696edfb13","286","true","2","2025-08-21T07:00:45.071Z"
"310","f5a22855-a603-4cd8-910e-4fb696edfb13","133","true","2","2025-08-21T07:00:55.082Z"
"311","f5a22855-a603-4cd8-910e-4fb696edfb13","122","true","2","2025-08-21T07:01:02.011Z"
"312","f5a22855-a603-4cd8-910e-4fb696edfb13","296","true","2","2025-08-21T07:01:13.098Z"
"313","f5a22855-a603-4cd8-910e-4fb696edfb13","291","true","2","2025-08-21T07:01:23.596Z"
"314","f5a22855-a603-4cd8-910e-4fb696edfb13","285","false","2","2025-08-21T07:01:43.689Z"
"315","f5a22855-a603-4cd8-910e-4fb696edfb13","117","false","2","2025-08-21T07:02:05.499Z"
"316","f5a22855-a603-4cd8-910e-4fb696edfb13","289","false","2","2025-08-21T07:02:25.268Z"
"317","f5a22855-a603-4cd8-910e-4fb696edfb13","287","false","2","2025-08-21T07:04:07.201Z"
"318","f5a22855-a603-4cd8-910e-4fb696edfb13","293","true","2","2025-08-21T07:04:43.429Z"
"319","f5a22855-a603-4cd8-910e-4fb696edfb13","295","true","2","2025-08-21T07:04:55.452Z"
"320","f5a22855-a603-4cd8-910e-4fb696edfb13","290","true","2","2025-08-21T07:05:21.479Z"
"321","f5a22855-a603-4cd8-910e-4fb696edfb13","294","true","2","2025-08-21T07:05:37.341Z"
"322","f5a22855-a603-4cd8-910e-4fb696edfb13","130","false","2","2025-08-21T07:06:14.990Z"
"323","f5a22855-a603-4cd8-910e-4fb696edfb13","132","false","2","2025-08-21T07:06:53.892Z"
"324","f5a22855-a603-4cd8-910e-4fb696edfb13","124","true","2","2025-08-21T07:07:03.971Z"
"325","f5a22855-a603-4cd8-910e-4fb696edfb13","292","false","2","2025-08-21T07:07:27.898Z"
"326","f5a22855-a603-4cd8-910e-4fb696edfb13","121","false","2","2025-08-21T07:07:38.312Z"
"327","f5a22855-a603-4cd8-910e-4fb696edfb13","64","true","2","2025-08-21T07:07:57.455Z"
"328","f5a22855-a603-4cd8-910e-4fb696edfb13","105","true","2","2025-08-21T07:08:04.861Z"
"329","f5a22855-a603-4cd8-910e-4fb696edfb13","119","true","2","2025-08-21T07:08:17.545Z"
"330","f5a22855-a603-4cd8-910e-4fb696edfb13","288","true","2","2025-08-21T07:08:32.544Z"
"331","f5a22855-a603-4cd8-910e-4fb696edfb13","284","true","2","2025-08-21T07:08:41.638Z"
"332","f5a22855-a603-4cd8-910e-4fb696edfb13","102","true","2","2025-08-21T07:08:53.195Z"
"333","f31d73c8-aa32-4b18-ac6a-95dac68a8059","326","true","2","2025-08-21T07:12:05.590Z"
"334","f31d73c8-aa32-4b18-ac6a-95dac68a8059","124","true","2","2025-08-21T07:12:18.035Z"
"335","f31d73c8-aa32-4b18-ac6a-95dac68a8059","130","true","2","2025-08-21T07:12:24.579Z"
"336","f31d73c8-aa32-4b18-ac6a-95dac68a8059","323","false","2","2025-08-21T07:12:47.445Z"
"337","f31d73c8-aa32-4b18-ac6a-95dac68a8059","134","false","2","2025-08-21T07:13:22.687Z"
"338","f31d73c8-aa32-4b18-ac6a-95dac68a8059","315","false","2","2025-08-21T07:13:51.253Z"
"339","f31d73c8-aa32-4b18-ac6a-95dac68a8059","123","true","2","2025-08-21T07:14:28.786Z"
"340","f31d73c8-aa32-4b18-ac6a-95dac68a8059","320","false","2","2025-08-21T07:14:49.436Z"
"341","f31d73c8-aa32-4b18-ac6a-95dac68a8059","64","true","2","2025-08-21T07:15:26.846Z"
"342","f31d73c8-aa32-4b18-ac6a-95dac68a8059","187","false","2","2025-08-21T07:15:55.373Z"
"343","f31d73c8-aa32-4b18-ac6a-95dac68a8059","119","true","2","2025-08-21T07:16:10.511Z"
"344","f31d73c8-aa32-4b18-ac6a-95dac68a8059","133","true","2","2025-08-21T07:16:15.855Z"
"345","f31d73c8-aa32-4b18-ac6a-95dac68a8059","319","true","2","2025-08-21T07:16:37.368Z"
"346","f31d73c8-aa32-4b18-ac6a-95dac68a8059","317","true","2","2025-08-21T07:16:52.605Z"
"347","f31d73c8-aa32-4b18-ac6a-95dac68a8059","321","false","2","2025-08-21T07:17:00.072Z"
"348","f31d73c8-aa32-4b18-ac6a-95dac68a8059","325","true","2","2025-08-21T07:17:25.153Z"
"349","f31d73c8-aa32-4b18-ac6a-95dac68a8059","316","false","2","2025-08-21T07:17:35.519Z"
"350","f31d73c8-aa32-4b18-ac6a-95dac68a8059","139","false","2","2025-08-21T07:17:54.033Z"
"351","f31d73c8-aa32-4b18-ac6a-95dac68a8059","322","true","2","2025-08-21T07:18:09.396Z"
"352","f31d73c8-aa32-4b18-ac6a-95dac68a8059","117","true","2","2025-08-21T07:18:24.434Z"
"353","f31d73c8-aa32-4b18-ac6a-95dac68a8059","324","true","2","2025-08-21T07:18:44.492Z"
"354","f31d73c8-aa32-4b18-ac6a-95dac68a8059","132","true","2","2025-08-21T07:19:02.824Z"
"355","f31d73c8-aa32-4b18-ac6a-95dac68a8059","314","true","2","2025-08-21T07:19:15.343Z"
"356","f31d73c8-aa32-4b18-ac6a-95dac68a8059","318","false","2","2025-08-21T07:19:34.380Z"
"357","f31d73c8-aa32-4b18-ac6a-95dac68a8059","121","false","2","2025-08-21T07:19:49.907Z"
"358","4e60429f-ffba-4c1f-a782-a82ef53bfa81","187","true","2","2025-08-21T07:24:00.658Z"
"359","4e60429f-ffba-4c1f-a782-a82ef53bfa81","351","true","2","2025-08-21T07:24:13.568Z"
"360","4e60429f-ffba-4c1f-a782-a82ef53bfa81","130","true","2","2025-08-21T07:24:22.284Z"
"361","4e60429f-ffba-4c1f-a782-a82ef53bfa81","121","true","2","2025-08-21T07:24:31.524Z"
"362","4e60429f-ffba-4c1f-a782-a82ef53bfa81","132","true","2","2025-08-21T07:24:46.531Z"
"363","4e60429f-ffba-4c1f-a782-a82ef53bfa81","355","true","2","2025-08-21T07:24:59.384Z"
"364","4e60429f-ffba-4c1f-a782-a82ef53bfa81","344","true","2","2025-08-21T07:25:25.833Z"
"365","4e60429f-ffba-4c1f-a782-a82ef53bfa81","347","true","2","2025-08-21T07:25:34.602Z"
"366","4e60429f-ffba-4c1f-a782-a82ef53bfa81","356","true","2","2025-08-21T07:25:52.700Z"
"367","4e60429f-ffba-4c1f-a782-a82ef53bfa81","238","false","2","2025-08-21T07:26:02.688Z"
"368","4e60429f-ffba-4c1f-a782-a82ef53bfa81","345","true","2","2025-08-21T07:26:12.973Z"
"369","4e60429f-ffba-4c1f-a782-a82ef53bfa81","134","true","2","2025-08-21T07:26:42.444Z"
"370","4e60429f-ffba-4c1f-a782-a82ef53bfa81","259","false","2","2025-08-21T07:26:51.578Z"
"371","4e60429f-ffba-4c1f-a782-a82ef53bfa81","139","true","2","2025-08-21T07:27:10.093Z"
"372","4e60429f-ffba-4c1f-a782-a82ef53bfa81","117","true","2","2025-08-21T07:27:14.830Z"
"373","4e60429f-ffba-4c1f-a782-a82ef53bfa81","346","false","2","2025-08-21T07:27:44.690Z"
"374","4e60429f-ffba-4c1f-a782-a82ef53bfa81","353","true","2","2025-08-21T07:28:14.718Z"
"375","4e60429f-ffba-4c1f-a782-a82ef53bfa81","348","true","2","2025-08-21T07:28:24.761Z"
"376","4e60429f-ffba-4c1f-a782-a82ef53bfa81","189","true","2","2025-08-21T07:28:39.967Z"
"377","4e60429f-ffba-4c1f-a782-a82ef53bfa81","261","true","2","2025-08-21T07:28:44.071Z"
"378","4e60429f-ffba-4c1f-a782-a82ef53bfa81","349","true","2","2025-08-21T07:28:49.155Z"
"379","4e60429f-ffba-4c1f-a782-a82ef53bfa81","354","true","2","2025-08-21T07:28:59.633Z"
"380","4e60429f-ffba-4c1f-a782-a82ef53bfa81","350","true","2","2025-08-21T07:29:09.753Z"
"381","4e60429f-ffba-4c1f-a782-a82ef53bfa81","190","true","2","2025-08-21T07:29:23.697Z"
"382","4e60429f-ffba-4c1f-a782-a82ef53bfa81","352","true","2","2025-08-21T07:29:32.920Z"
"383","3b426064-5313-49b1-a0d9-63acec8740ff","379","false","2","2025-08-21T09:36:40.125Z"
"384","3b426064-5313-49b1-a0d9-63acec8740ff","261","true","2","2025-08-21T09:36:48.518Z"
"385","3b426064-5313-49b1-a0d9-63acec8740ff","370","true","2","2025-08-21T09:36:55.428Z"
"386","3b426064-5313-49b1-a0d9-63acec8740ff","372","true","2","2025-08-21T09:37:05.518Z"
"387","3b426064-5313-49b1-a0d9-63acec8740ff","189","true","2","2025-08-21T09:37:10.354Z"
"388","3b426064-5313-49b1-a0d9-63acec8740ff","259","false","2","2025-08-21T09:37:21.833Z"
"389","3b426064-5313-49b1-a0d9-63acec8740ff","377","true","2","2025-08-21T09:37:29.947Z"
"390","3b426064-5313-49b1-a0d9-63acec8740ff","371","false","2","2025-08-21T09:37:34.833Z"
"391","3b426064-5313-49b1-a0d9-63acec8740ff","376","true","2","2025-08-21T09:37:43.212Z"
"392","3b426064-5313-49b1-a0d9-63acec8740ff","373","true","2","2025-08-21T09:37:54.092Z"
"393","3b426064-5313-49b1-a0d9-63acec8740ff","375","false","2","2025-08-21T09:38:05.207Z"
"394","3b426064-5313-49b1-a0d9-63acec8740ff","238","true","2","2025-08-21T09:38:14.502Z"
"395","3b426064-5313-49b1-a0d9-63acec8740ff","381","false","2","2025-08-21T09:38:36.572Z"
"396","3b426064-5313-49b1-a0d9-63acec8740ff","121","true","2","2025-08-21T09:38:43.252Z"
"397","3b426064-5313-49b1-a0d9-63acec8740ff","190","true","2","2025-08-21T09:38:48.603Z"
"398","3b426064-5313-49b1-a0d9-63acec8740ff","187","true","2","2025-08-21T09:38:57.255Z"
"399","3b426064-5313-49b1-a0d9-63acec8740ff","374","true","2","2025-08-21T09:39:02.701Z"
"400","3b426064-5313-49b1-a0d9-63acec8740ff","134","true","2","2025-08-21T09:39:08.927Z"
"401","3b426064-5313-49b1-a0d9-63acec8740ff","265","true","2","2025-08-21T09:39:14.428Z"
"402","3b426064-5313-49b1-a0d9-63acec8740ff","266","false","2","2025-08-21T09:39:21.415Z"
"403","3b426064-5313-49b1-a0d9-63acec8740ff","369","true","2","2025-08-21T09:39:30.727Z"
"404","3b426064-5313-49b1-a0d9-63acec8740ff","139","true","2","2025-08-21T09:39:44.503Z"
"405","3b426064-5313-49b1-a0d9-63acec8740ff","285","true","2","2025-08-21T09:39:50.422Z"
"406","3b426064-5313-49b1-a0d9-63acec8740ff","380","true","2","2025-08-21T09:39:58.975Z"
"407","3b426064-5313-49b1-a0d9-63acec8740ff","378","true","2","2025-08-21T09:40:08.199Z"
"408","d84299ec-8783-4ca0-9f15-3daefd9ecb41","403","true","2","2025-08-21T09:43:18.804Z"
"409","d84299ec-8783-4ca0-9f15-3daefd9ecb41","287","false","2","2025-08-21T09:43:27.651Z"
"410","d84299ec-8783-4ca0-9f15-3daefd9ecb41","398","true","2","2025-08-21T09:43:45.912Z"
"411","d84299ec-8783-4ca0-9f15-3daefd9ecb41","395","true","2","2025-08-21T09:44:01.580Z"
"412","d84299ec-8783-4ca0-9f15-3daefd9ecb41","401","true","2","2025-08-21T09:44:19.433Z"
"413","d84299ec-8783-4ca0-9f15-3daefd9ecb41","266","true","2","2025-08-21T09:44:28.554Z"
"414","d84299ec-8783-4ca0-9f15-3daefd9ecb41","238","true","2","2025-08-21T09:44:36.084Z"
"415","d84299ec-8783-4ca0-9f15-3daefd9ecb41","406","true","2","2025-08-21T09:44:47.210Z"
"416","d84299ec-8783-4ca0-9f15-3daefd9ecb41","405","false","2","2025-08-21T09:45:03.970Z"
"417","d84299ec-8783-4ca0-9f15-3daefd9ecb41","285","true","2","2025-08-21T09:45:19.034Z"
"418","d84299ec-8783-4ca0-9f15-3daefd9ecb41","259","true","2","2025-08-21T09:45:34.875Z"
"419","d84299ec-8783-4ca0-9f15-3daefd9ecb41","318","true","2","2025-08-21T09:45:42.675Z"
"420","d84299ec-8783-4ca0-9f15-3daefd9ecb41","292","true","2","2025-08-21T09:45:50.817Z"
"421","d84299ec-8783-4ca0-9f15-3daefd9ecb41","399","false","2","2025-08-21T09:46:01.305Z"
"422","d84299ec-8783-4ca0-9f15-3daefd9ecb41","394","true","2","2025-08-21T09:46:15.467Z"
"423","d84299ec-8783-4ca0-9f15-3daefd9ecb41","315","true","2","2025-08-21T09:46:22.844Z"
"424","d84299ec-8783-4ca0-9f15-3daefd9ecb41","397","true","2","2025-08-21T09:46:30.202Z"
"425","d84299ec-8783-4ca0-9f15-3daefd9ecb41","396","true","2","2025-08-21T09:46:36.729Z"
"426","d84299ec-8783-4ca0-9f15-3daefd9ecb41","316","true","2","2025-08-21T09:46:49.906Z"
"427","d84299ec-8783-4ca0-9f15-3daefd9ecb41","289","true","2","2025-08-21T09:46:55.098Z"
"428","d84299ec-8783-4ca0-9f15-3daefd9ecb41","404","false","2","2025-08-21T09:47:06.697Z"
"429","d84299ec-8783-4ca0-9f15-3daefd9ecb41","320","true","2","2025-08-21T09:47:27.145Z"
"430","d84299ec-8783-4ca0-9f15-3daefd9ecb41","402","true","2","2025-08-21T09:47:38.160Z"
"431","d84299ec-8783-4ca0-9f15-3daefd9ecb41","265","true","2","2025-08-21T09:47:43.283Z"
"432","d84299ec-8783-4ca0-9f15-3daefd9ecb41","400","true","2","2025-08-21T09:47:56.858Z"
"433","ea98a2ca-19a2-42f0-9ff2-6eeaf46249c0","431","true","2","2025-08-21T09:49:49.703Z"
"434","ea98a2ca-19a2-42f0-9ff2-6eeaf46249c0","318","true","2","2025-08-21T09:49:56.895Z"
"435","ea98a2ca-19a2-42f0-9ff2-6eeaf46249c0","429","true","2","2025-08-21T09:50:21.710Z"
"436","ea98a2ca-19a2-42f0-9ff2-6eeaf46249c0","430","true","2","2025-08-21T09:53:27.803Z"
"437","ea98a2ca-19a2-42f0-9ff2-6eeaf46249c0","315","true","2","2025-08-21T09:53:32.542Z"
"438","ea98a2ca-19a2-42f0-9ff2-6eeaf46249c0","287","false","2","2025-08-21T09:53:41.433Z"
"439","ea98a2ca-19a2-42f0-9ff2-6eeaf46249c0","259","true","2","2025-08-21T09:57:06.700Z"
"440","ea98a2ca-19a2-42f0-9ff2-6eeaf46249c0","423","true","2","2025-08-21T09:57:17.699Z"
"441","ea98a2ca-19a2-42f0-9ff2-6eeaf46249c0","421","true","2","2025-08-21T09:57:28.729Z"
"442","ea98a2ca-19a2-42f0-9ff2-6eeaf46249c0","289","true","2","2025-08-21T09:57:35.425Z"
"443","ea98a2ca-19a2-42f0-9ff2-6eeaf46249c0","420","true","2","2025-08-21T09:57:44.915Z"
"444","ea98a2ca-19a2-42f0-9ff2-6eeaf46249c0","292","true","2","2025-08-21T09:57:53.555Z"
"445","ea98a2ca-19a2-42f0-9ff2-6eeaf46249c0","316","true","2","2025-08-21T09:57:57.730Z"
"446","ea98a2ca-19a2-42f0-9ff2-6eeaf46249c0","346","true","2","2025-08-21T09:58:20.571Z"
"447","ea98a2ca-19a2-42f0-9ff2-6eeaf46249c0","426","true","2","2025-08-21T09:58:33.626Z"
"448","ea98a2ca-19a2-42f0-9ff2-6eeaf46249c0","425","true","2","2025-08-21T09:58:43.129Z"
"449","ea98a2ca-19a2-42f0-9ff2-6eeaf46249c0","424","true","2","2025-08-21T09:58:47.483Z"
"450","ea98a2ca-19a2-42f0-9ff2-6eeaf46249c0","428","true","2","2025-08-21T09:58:55.869Z"
"451","ea98a2ca-19a2-42f0-9ff2-6eeaf46249c0","320","true","2","2025-08-21T09:59:03.804Z"
"452","ea98a2ca-19a2-42f0-9ff2-6eeaf46249c0","266","true","2","2025-08-21T09:59:09.131Z"
"453","ea98a2ca-19a2-42f0-9ff2-6eeaf46249c0","427","false","2","2025-08-21T09:59:15.194Z"
"454","ea98a2ca-19a2-42f0-9ff2-6eeaf46249c0","422","true","2","2025-08-21T09:59:32.596Z"
"455","ea98a2ca-19a2-42f0-9ff2-6eeaf46249c0","321","false","2","2025-08-21T09:59:36.711Z"
"456","ea98a2ca-19a2-42f0-9ff2-6eeaf46249c0","419","true","2","2025-08-21T09:59:44.322Z"
"457","ea98a2ca-19a2-42f0-9ff2-6eeaf46249c0","323","true","2","2025-08-21T09:59:52.131Z"
"458","98cda05f-f250-466a-94c2-b6f29300c349","444","false","2","2025-08-21T11:12:31.176Z"
"459","98cda05f-f250-466a-94c2-b6f29300c349","381","true","2","2025-08-21T11:12:49.487Z"
"460","98cda05f-f250-466a-94c2-b6f29300c349","379","true","2","2025-08-21T11:13:06.104Z"
"461","98cda05f-f250-466a-94c2-b6f29300c349","321","true","2","2025-08-21T11:13:12.473Z"
"462","98cda05f-f250-466a-94c2-b6f29300c349","346","false","2","2025-08-21T11:13:38.161Z"
"463","98cda05f-f250-466a-94c2-b6f29300c349","427","true","2","2025-08-21T11:15:42.427Z"
"464","98cda05f-f250-466a-94c2-b6f29300c349","449","false","2","2025-08-21T11:15:55.762Z"
"465","98cda05f-f250-466a-94c2-b6f29300c349","455","true","2","2025-08-21T11:16:10.162Z"
"466","98cda05f-f250-466a-94c2-b6f29300c349","456","true","2","2025-08-21T11:16:18.206Z"
"467","98cda05f-f250-466a-94c2-b6f29300c349","405","true","2","2025-08-21T11:16:33.172Z"
"468","98cda05f-f250-466a-94c2-b6f29300c349","323","true","2","2025-08-21T11:16:40.867Z"
"469","98cda05f-f250-466a-94c2-b6f29300c349","399","true","2","2025-08-21T11:16:47.399Z"
"470","98cda05f-f250-466a-94c2-b6f29300c349","451","true","2","2025-08-21T11:16:59.282Z"
"471","98cda05f-f250-466a-94c2-b6f29300c349","371","true","2","2025-08-21T11:17:07.747Z"
"472","98cda05f-f250-466a-94c2-b6f29300c349","446","false","2","2025-08-21T11:17:25.347Z"
"473","98cda05f-f250-466a-94c2-b6f29300c349","287","false","2","2025-08-21T11:17:40.165Z"
"474","98cda05f-f250-466a-94c2-b6f29300c349","450","true","2","2025-08-21T11:17:50.474Z"
"475","98cda05f-f250-466a-94c2-b6f29300c349","454","true","2","2025-08-21T11:17:57.517Z"
"476","98cda05f-f250-466a-94c2-b6f29300c349","375","true","2","2025-08-21T11:18:09.195Z"
"477","98cda05f-f250-466a-94c2-b6f29300c349","447","true","2","2025-08-21T11:18:36.117Z"
"478","98cda05f-f250-466a-94c2-b6f29300c349","453","false","2","2025-08-21T11:19:00.612Z"
"479","98cda05f-f250-466a-94c2-b6f29300c349","452","true","2","2025-08-21T11:19:17.557Z"
"480","98cda05f-f250-466a-94c2-b6f29300c349","448","true","2","2025-08-21T11:19:22.436Z"
"481","98cda05f-f250-466a-94c2-b6f29300c349","404","false","2","2025-08-21T11:19:40.981Z"
"482","98cda05f-f250-466a-94c2-b6f29300c349","445","true","2","2025-08-21T11:19:56.293Z"
"483","7638cc23-f22c-4252-a282-7a07f4bb4344","473","true","2","2025-08-21T11:23:42.826Z"
"484","7638cc23-f22c-4252-a282-7a07f4bb4344","477","true","2","2025-08-21T11:24:03.585Z"
"485","7638cc23-f22c-4252-a282-7a07f4bb4344","321","true","2","2025-08-21T11:24:16.009Z"
"486","7638cc23-f22c-4252-a282-7a07f4bb4344","471","false","2","2025-08-21T11:24:31.345Z"
"487","7638cc23-f22c-4252-a282-7a07f4bb4344","399","true","2","2025-08-21T11:24:39.779Z"
"488","7638cc23-f22c-4252-a282-7a07f4bb4344","478","false","2","2025-08-21T11:24:53.591Z"
"489","7638cc23-f22c-4252-a282-7a07f4bb4344","379","true","2","2025-08-21T11:25:03.433Z"
"490","7638cc23-f22c-4252-a282-7a07f4bb4344","444","true","2","2025-08-21T11:25:17.849Z"
"491","7638cc23-f22c-4252-a282-7a07f4bb4344","469","true","2","2025-08-21T11:25:29.482Z"
"492","7638cc23-f22c-4252-a282-7a07f4bb4344","470","true","2","2025-08-21T11:25:42.724Z"
"493","7638cc23-f22c-4252-a282-7a07f4bb4344","427","true","2","2025-08-21T11:25:47.435Z"
"494","7638cc23-f22c-4252-a282-7a07f4bb4344","287","true","2","2025-08-21T11:25:59.010Z"
"495","7638cc23-f22c-4252-a282-7a07f4bb4344","476","false","2","2025-08-21T11:26:20.739Z"
"496","7638cc23-f22c-4252-a282-7a07f4bb4344","480","true","2","2025-08-21T11:26:37.219Z"
"497","7638cc23-f22c-4252-a282-7a07f4bb4344","472","true","2","2025-08-21T11:26:42.843Z"
"498","7638cc23-f22c-4252-a282-7a07f4bb4344","474","false","2","2025-08-21T11:27:01.666Z"
"499","7638cc23-f22c-4252-a282-7a07f4bb4344","404","true","2","2025-08-21T11:27:12.429Z"
"500","7638cc23-f22c-4252-a282-7a07f4bb4344","405","true","2","2025-08-21T11:27:17.170Z"
"501","7638cc23-f22c-4252-a282-7a07f4bb4344","371","true","2","2025-08-21T11:27:23.322Z"
"502","7638cc23-f22c-4252-a282-7a07f4bb4344","381","true","2","2025-08-21T11:27:27.946Z"
"503","7638cc23-f22c-4252-a282-7a07f4bb4344","479","true","2","2025-08-21T11:27:34.435Z"
"504","7638cc23-f22c-4252-a282-7a07f4bb4344","475","true","2","2025-08-21T11:27:43.730Z"
"505","7638cc23-f22c-4252-a282-7a07f4bb4344","481","true","2","2025-08-21T11:27:52.895Z"
"506","7638cc23-f22c-4252-a282-7a07f4bb4344","346","true","2","2025-08-21T11:28:11.207Z"
"507","7638cc23-f22c-4252-a282-7a07f4bb4344","375","true","2","2025-08-21T11:29:05.781Z"
"508","b53d180d-041b-4097-aa73-84b9da618915","453","true","2","2025-08-21T11:38:26.044Z"
"509","b53d180d-041b-4097-aa73-84b9da618915","494","true","2","2025-08-21T11:38:42.918Z"
"510","b53d180d-041b-4097-aa73-84b9da618915","501","true","2","2025-08-21T11:38:53.841Z"
"511","b53d180d-041b-4097-aa73-84b9da618915","404","true","2","2025-08-21T11:38:57.576Z"
"512","b53d180d-041b-4097-aa73-84b9da618915","504","false","2","2025-08-21T11:39:09.123Z"
"513","b53d180d-041b-4097-aa73-84b9da618915","500","false","2","2025-08-21T11:39:27.685Z"
"514","b53d180d-041b-4097-aa73-84b9da618915","474","true","2","2025-08-21T11:39:38.722Z"
"515","b53d180d-041b-4097-aa73-84b9da618915","502","true","2","2025-08-21T11:39:44.883Z"
"516","b53d180d-041b-4097-aa73-84b9da618915","505","true","2","2025-08-21T11:39:52.158Z"
"517","b53d180d-041b-4097-aa73-84b9da618915","449","true","2","2025-08-21T11:39:57.251Z"
"518","b53d180d-041b-4097-aa73-84b9da618915","478","true","2","2025-08-21T11:40:01.470Z"
"519","b53d180d-041b-4097-aa73-84b9da618915","446","true","2","2025-08-21T11:40:10.561Z"
"520","b53d180d-041b-4097-aa73-84b9da618915","495","true","2","2025-08-21T11:40:31.906Z"
"521","b53d180d-041b-4097-aa73-84b9da618915","503","true","2","2025-08-21T11:40:42.035Z"
"522","b53d180d-041b-4097-aa73-84b9da618915","346","true","2","2025-08-21T11:40:51.757Z"
"523","b53d180d-041b-4097-aa73-84b9da618915","444","true","2","2025-08-21T11:40:58.425Z"
"524","b53d180d-041b-4097-aa73-84b9da618915","471","true","2","2025-08-21T11:41:01.771Z"
"525","b53d180d-041b-4097-aa73-84b9da618915","497","true","2","2025-08-21T11:41:06.122Z"
"526","b53d180d-041b-4097-aa73-84b9da618915","287","true","2","2025-08-21T11:41:14.052Z"
"527","b53d180d-041b-4097-aa73-84b9da618915","476","true","2","2025-08-21T11:41:17.684Z"
"528","b53d180d-041b-4097-aa73-84b9da618915","496","true","2","2025-08-21T11:41:32.579Z"
"529","b53d180d-041b-4097-aa73-84b9da618915","506","false","2","2025-08-21T11:41:47.323Z"
"530","b53d180d-041b-4097-aa73-84b9da618915","498","true","2","2025-08-21T11:42:00.637Z"
"531","b53d180d-041b-4097-aa73-84b9da618915","499","false","2","2025-08-21T11:42:08.494Z"
"532","b53d180d-041b-4097-aa73-84b9da618915","507","true","2","2025-08-21T11:42:16.986Z"
"533","433901c4-d3f1-4f27-a128-92f0196872dc","519","true","2","2025-08-21T11:50:18.826Z"
"534","433901c4-d3f1-4f27-a128-92f0196872dc","522","true","2","2025-08-21T11:50:31.013Z"
"535","433901c4-d3f1-4f27-a128-92f0196872dc","527","true","2","2025-08-21T11:50:45.060Z"
"536","433901c4-d3f1-4f27-a128-92f0196872dc","520","true","2","2025-08-21T11:50:56.710Z"
"537","433901c4-d3f1-4f27-a128-92f0196872dc","528","true","2","2025-08-21T11:51:09.169Z"
"538","433901c4-d3f1-4f27-a128-92f0196872dc","521","true","2","2025-08-21T11:51:47.026Z"
"539","433901c4-d3f1-4f27-a128-92f0196872dc","523","true","2","2025-08-21T11:52:16.588Z"
"540","433901c4-d3f1-4f27-a128-92f0196872dc","506","true","2","2025-08-21T11:52:54.141Z"
"541","433901c4-d3f1-4f27-a128-92f0196872dc","525","false","2","2025-08-21T11:53:06.644Z"
"542","433901c4-d3f1-4f27-a128-92f0196872dc","499","true","2","2025-08-21T11:53:12.668Z"
"543","433901c4-d3f1-4f27-a128-92f0196872dc","524","true","2","2025-08-21T11:53:18.822Z"
"544","433901c4-d3f1-4f27-a128-92f0196872dc","500","true","2","2025-08-21T11:55:46.162Z"
"545","433901c4-d3f1-4f27-a128-92f0196872dc","453","true","2","2025-08-21T11:55:54.192Z"
"546","433901c4-d3f1-4f27-a128-92f0196872dc","446","true","2","2025-08-21T11:56:01.432Z"
"547","433901c4-d3f1-4f27-a128-92f0196872dc","474","true","2","2025-08-21T11:56:04.918Z"
"548","433901c4-d3f1-4f27-a128-92f0196872dc","449","true","2","2025-08-21T11:56:21.506Z"
"549","433901c4-d3f1-4f27-a128-92f0196872dc","478","true","2","2025-08-21T11:56:26.429Z"
"550","433901c4-d3f1-4f27-a128-92f0196872dc","530","true","2","2025-08-21T11:56:33.086Z"
"551","433901c4-d3f1-4f27-a128-92f0196872dc","471","true","2","2025-08-21T11:56:36.983Z"
"552","433901c4-d3f1-4f27-a128-92f0196872dc","518","true","2","2025-08-21T11:56:58.782Z"
"553","433901c4-d3f1-4f27-a128-92f0196872dc","526","true","2","2025-08-21T11:57:06.095Z"
"554","433901c4-d3f1-4f27-a128-92f0196872dc","531","true","2","2025-08-21T11:57:13.321Z"
"555","433901c4-d3f1-4f27-a128-92f0196872dc","529","false","2","2025-08-21T11:58:42.675Z"
"556","433901c4-d3f1-4f27-a128-92f0196872dc","504","true","2","2025-08-21T12:11:10.008Z"
"557","433901c4-d3f1-4f27-a128-92f0196872dc","476","true","2","2025-08-21T12:11:16.402Z"
"558","fbb01592-2715-4a63-bd8d-297dcc05e1f8","547","true","2","2025-08-21T12:16:48.637Z"
"559","fbb01592-2715-4a63-bd8d-297dcc05e1f8","548","true","2","2025-08-21T12:17:36.308Z"
"560","fbb01592-2715-4a63-bd8d-297dcc05e1f8","504","true","2","2025-08-21T12:18:00.597Z"
"561","fbb01592-2715-4a63-bd8d-297dcc05e1f8","499","true","2","2025-08-21T12:18:06.629Z"
"562","fbb01592-2715-4a63-bd8d-297dcc05e1f8","500","true","2","2025-08-21T12:18:12.933Z"
"563","fbb01592-2715-4a63-bd8d-297dcc05e1f8","546","true","2","2025-08-21T12:18:18.436Z"
"564","fbb01592-2715-4a63-bd8d-297dcc05e1f8","552","true","2","2025-08-21T12:21:03.415Z"
"565","fbb01592-2715-4a63-bd8d-297dcc05e1f8","555","false","2","2025-08-21T12:36:10.476Z"
"566","fbb01592-2715-4a63-bd8d-297dcc05e1f8","556","true","2","2025-08-21T12:36:16.704Z"
"567","fbb01592-2715-4a63-bd8d-297dcc05e1f8","529","true","2","2025-08-21T12:36:27.903Z"
"568","fbb01592-2715-4a63-bd8d-297dcc05e1f8","550","true","2","2025-08-21T12:38:45.012Z"
"569","fbb01592-2715-4a63-bd8d-297dcc05e1f8","554","true","2","2025-08-21T12:39:24.626Z"
"570","fbb01592-2715-4a63-bd8d-297dcc05e1f8","561","true","2","2025-08-21T12:41:02.375Z"
"571","fbb01592-2715-4a63-bd8d-297dcc05e1f8","544","true","2","2025-08-21T12:41:09.093Z"
"572","fbb01592-2715-4a63-bd8d-297dcc05e1f8","525","true","2","2025-08-21T12:41:15.038Z"
"573","fbb01592-2715-4a63-bd8d-297dcc05e1f8","557","true","2","2025-08-21T12:41:38.405Z"
"574","fbb01592-2715-4a63-bd8d-297dcc05e1f8","506","true","2","2025-08-21T12:42:09.356Z"
"575","fbb01592-2715-4a63-bd8d-297dcc05e1f8","543","true","2","2025-08-21T12:42:23.469Z"
"576","fbb01592-2715-4a63-bd8d-297dcc05e1f8","551","true","2","2025-08-21T12:42:42.870Z"
"577","fbb01592-2715-4a63-bd8d-297dcc05e1f8","559","true","2","2025-08-21T12:42:50.055Z"
"578","fbb01592-2715-4a63-bd8d-297dcc05e1f8","558","true","2","2025-08-21T12:42:57.957Z"
"579","fbb01592-2715-4a63-bd8d-297dcc05e1f8","560","true","2","2025-08-21T12:47:05.079Z"
"580","fbb01592-2715-4a63-bd8d-297dcc05e1f8","545","true","2","2025-08-21T12:50:41.677Z"
"581","fbb01592-2715-4a63-bd8d-297dcc05e1f8","549","false","2","2025-08-21T12:50:54.971Z"
"582","fbb01592-2715-4a63-bd8d-297dcc05e1f8","553","true","2","2025-08-21T12:51:13.843Z"
"583","21f3459f-a89e-42bf-b373-33649e3e9b83","578","true","2","2025-08-21T13:11:36.720Z"
"584","21f3459f-a89e-42bf-b373-33649e3e9b83","575","true","2","2025-08-21T13:11:50.313Z"
"585","21f3459f-a89e-42bf-b373-33649e3e9b83","572","true","2","2025-08-21T13:19:42.432Z"
"586","21f3459f-a89e-42bf-b373-33649e3e9b83","573","true","2","2025-08-21T13:19:51.799Z"
"587","21f3459f-a89e-42bf-b373-33649e3e9b83","574","true","2","2025-08-21T13:20:04.248Z"
"588","21f3459f-a89e-42bf-b373-33649e3e9b83","580","true","2","2025-08-21T13:20:14.457Z"
"589","21f3459f-a89e-42bf-b373-33649e3e9b83","583","true","2","2025-08-21T13:20:20.903Z"
"590","21f3459f-a89e-42bf-b373-33649e3e9b83","525","true","2","2025-08-21T13:20:24.033Z"
"591","21f3459f-a89e-42bf-b373-33649e3e9b83","571","true","2","2025-08-21T13:20:45.224Z"
"592","21f3459f-a89e-42bf-b373-33649e3e9b83","576","true","2","2025-08-21T13:20:53.290Z"
"593","21f3459f-a89e-42bf-b373-33649e3e9b83","588","true","2","2025-08-21T13:21:03.031Z"
"594","21f3459f-a89e-42bf-b373-33649e3e9b83","579","true","2","2025-08-21T13:21:09.177Z"
"595","21f3459f-a89e-42bf-b373-33649e3e9b83","582","true","2","2025-08-21T13:21:28.777Z"
"596","21f3459f-a89e-42bf-b373-33649e3e9b83","555","true","2","2025-08-21T13:21:33.763Z"
"597","21f3459f-a89e-42bf-b373-33649e3e9b83","586","true","2","2025-08-21T13:21:44.929Z"
"598","21f3459f-a89e-42bf-b373-33649e3e9b83","549","true","2","2025-08-21T13:21:49.261Z"
"599","21f3459f-a89e-42bf-b373-33649e3e9b83","577","true","2","2025-08-21T13:21:52.964Z"
"600","21f3459f-a89e-42bf-b373-33649e3e9b83","529","true","2","2025-08-21T13:21:57.613Z"
"601","21f3459f-a89e-42bf-b373-33649e3e9b83","570","true","2","2025-08-21T13:22:03.083Z"
"602","21f3459f-a89e-42bf-b373-33649e3e9b83","581","true","2","2025-08-21T13:22:06.121Z"
"603","21f3459f-a89e-42bf-b373-33649e3e9b83","585","true","2","2025-08-21T13:22:11.060Z"
"604","21f3459f-a89e-42bf-b373-33649e3e9b83","568","true","2","2025-08-21T13:22:16.728Z"
"605","21f3459f-a89e-42bf-b373-33649e3e9b83","569","true","2","2025-08-21T13:22:22.777Z"
"606","21f3459f-a89e-42bf-b373-33649e3e9b83","584","true","2","2025-08-21T13:22:39.461Z"
"607","21f3459f-a89e-42bf-b373-33649e3e9b83","587","true","2","2025-08-21T13:22:43.675Z"
"608","9dbe46ec-773a-4e51-aba4-6a3a320a144f","555","true","2","2025-08-21T13:32:43.667Z"
"609","9dbe46ec-773a-4e51-aba4-6a3a320a144f","593","true","2","2025-08-21T13:54:15.710Z"
"610","9dbe46ec-773a-4e51-aba4-6a3a320a144f","606","true","2","2025-08-21T13:54:24.344Z"
"611","9dbe46ec-773a-4e51-aba4-6a3a320a144f","615","true","2","2025-08-21T13:54:34.840Z"
"612","9dbe46ec-773a-4e51-aba4-6a3a320a144f","549","true","2","2025-08-21T13:54:40.761Z"
"613","9dbe46ec-773a-4e51-aba4-6a3a320a144f","600","true","2","2025-08-21T13:54:48.606Z"
"614","9dbe46ec-773a-4e51-aba4-6a3a320a144f","602","true","2","2025-08-21T13:54:52.913Z"
"615","9dbe46ec-773a-4e51-aba4-6a3a320a144f","603","true","2","2025-08-21T13:55:01.130Z"
"616","9dbe46ec-773a-4e51-aba4-6a3a320a144f","611","false","2","2025-08-21T13:55:10.826Z"
"617","9dbe46ec-773a-4e51-aba4-6a3a320a144f","609","true","2","2025-08-21T13:55:22.614Z"
"618","9dbe46ec-773a-4e51-aba4-6a3a320a144f","610","true","2","2025-08-21T13:55:31.162Z"
"619","9dbe46ec-773a-4e51-aba4-6a3a320a144f","594","true","2","2025-08-21T13:55:39.432Z"
"620","9dbe46ec-773a-4e51-aba4-6a3a320a144f","601","true","2","2025-08-21T13:55:50.643Z"
"621","9dbe46ec-773a-4e51-aba4-6a3a320a144f","613","true","2","2025-08-21T13:56:01.563Z"
"622","9dbe46ec-773a-4e51-aba4-6a3a320a144f","607","false","2","2025-08-21T13:56:16.358Z"
"623","9dbe46ec-773a-4e51-aba4-6a3a320a144f","612","true","2","2025-08-21T13:56:27.172Z"
"624","9dbe46ec-773a-4e51-aba4-6a3a320a144f","604","true","2","2025-08-21T13:56:37.565Z"
"625","9dbe46ec-773a-4e51-aba4-6a3a320a144f","608","false","2","2025-08-21T13:56:45.146Z"
"626","9dbe46ec-773a-4e51-aba4-6a3a320a144f","605","false","2","2025-08-21T13:56:52.138Z"
"627","9dbe46ec-773a-4e51-aba4-6a3a320a144f","595","false","2","2025-08-21T13:57:09.238Z"
"628","9dbe46ec-773a-4e51-aba4-6a3a320a144f","599","true","2","2025-08-21T13:57:18.252Z"
"629","9dbe46ec-773a-4e51-aba4-6a3a320a144f","598","true","2","2025-08-21T13:57:31.902Z"
"630","9dbe46ec-773a-4e51-aba4-6a3a320a144f","596","true","2","2025-08-21T13:57:40.885Z"
"631","9dbe46ec-773a-4e51-aba4-6a3a320a144f","597","true","2","2025-08-21T13:57:47.556Z"
"632","9dbe46ec-773a-4e51-aba4-6a3a320a144f","614","true","2","2025-08-21T13:57:54.028Z"
"633","bb34ca27-b87a-4d2e-b64f-a0e1689b7266","595","true","2","2025-08-21T18:57:58.281Z"
"634","1b9d8598-98f3-476b-bb7e-4178b2c95d0a","628","true","2","2025-08-22T06:58:15.100Z"
"635","1b9d8598-98f3-476b-bb7e-4178b2c95d0a","634","true","2","2025-08-22T06:58:41.101Z"
"636","1b9d8598-98f3-476b-bb7e-4178b2c95d0a","631","true","2","2025-08-22T06:58:54.248Z"
"637","1b9d8598-98f3-476b-bb7e-4178b2c95d0a","632","true","2","2025-08-22T06:59:02.897Z"
"638","1b9d8598-98f3-476b-bb7e-4178b2c95d0a","630","true","2","2025-08-22T06:59:20.969Z"
"639","1b9d8598-98f3-476b-bb7e-4178b2c95d0a","640","true","2","2025-08-22T06:59:39.495Z"
"640","1b9d8598-98f3-476b-bb7e-4178b2c95d0a","639","true","2","2025-08-22T06:59:50.168Z"
"641","1b9d8598-98f3-476b-bb7e-4178b2c95d0a","629","true","2","2025-08-22T06:59:55.631Z"
"642","1b9d8598-98f3-476b-bb7e-4178b2c95d0a","638","true","2","2025-08-22T07:00:03.442Z"
"643","1b9d8598-98f3-476b-bb7e-4178b2c95d0a","626","true","2","2025-08-22T07:00:08.855Z"
"644","1b9d8598-98f3-476b-bb7e-4178b2c95d0a","627","true","2","2025-08-22T07:00:22.143Z"
"645","1b9d8598-98f3-476b-bb7e-4178b2c95d0a","595","true","2","2025-08-22T07:00:32.240Z"
"646","1b9d8598-98f3-476b-bb7e-4178b2c95d0a","642","true","2","2025-08-22T07:00:44.584Z"
"647","1b9d8598-98f3-476b-bb7e-4178b2c95d0a","635","true","2","2025-08-22T07:00:48.958Z"
"648","1b9d8598-98f3-476b-bb7e-4178b2c95d0a","625","true","2","2025-08-22T07:00:57.518Z"
"649","1b9d8598-98f3-476b-bb7e-4178b2c95d0a","623","true","2","2025-08-22T07:01:03.656Z"
"650","1b9d8598-98f3-476b-bb7e-4178b2c95d0a","605","false","2","2025-08-22T07:01:09.143Z"
"651","1b9d8598-98f3-476b-bb7e-4178b2c95d0a","633","true","2","2025-08-22T07:01:15.986Z"
"652","1b9d8598-98f3-476b-bb7e-4178b2c95d0a","607","true","2","2025-08-22T07:01:31.434Z"
"653","1b9d8598-98f3-476b-bb7e-4178b2c95d0a","636","true","2","2025-08-22T07:01:40.170Z"
"654","1b9d8598-98f3-476b-bb7e-4178b2c95d0a","624","true","2","2025-08-22T07:01:53.458Z"
"655","1b9d8598-98f3-476b-bb7e-4178b2c95d0a","608","false","2","2025-08-22T07:01:58.177Z"
"656","1b9d8598-98f3-476b-bb7e-4178b2c95d0a","637","true","2","2025-08-22T07:02:12.954Z"
"657","1b9d8598-98f3-476b-bb7e-4178b2c95d0a","611","true","2","2025-08-22T07:02:19.922Z"
"658","1b9d8598-98f3-476b-bb7e-4178b2c95d0a","641","true","2","2025-08-22T07:02:24.880Z"
